idx,time_s,cmd_vx,cmd_vy,cmd_wz,x,y,yaw,reset
0,0.5,-0.017120130360126495,0.06118415668606758,0.021685566753149033,0.021120134741067886,0.025043977424502373,0.004952066577970982,False
1,1.0,0.16964153945446014,-0.04677416756749153,-0.0073889573104679585,0.03210113197565079,0.17379523813724518,-0.09387732297182083,False
2,1.5,0.0076605877839028835,0.0812985748052597,0.014991356991231441,0.0606996975839138,0.31847670674324036,0.10110631585121155,False
3,2.0,0.431799978017807,0.029106659814715385,-0.022254103794693947,0.20893435180187225,0.4292052090167999,0.0359383299946785,False
4,2.5,0.6486766338348389,0.06175379082560539,-0.5162187814712524,0.4135531187057495,0.528984785079956,-0.11230403184890747,False
5,3.0,0.5854856371879578,0.06423667818307877,-0.493794709444046,0.7004984617233276,0.5257903337478638,-0.1660277545452118,False
6,3.5,0.5886556506156921,0.06558088958263397,-0.49589499831199646,0.9743701815605164,0.3957130014896393,-0.2827041447162628,False
7,4.0,0.36265167593955994,0.06106461584568024,-0.4565357565879822,1.1487488746643066,0.22590962052345276,-0.718968391418457,False
8,4.5,0.2019115686416626,0.05189108848571777,-0.5048614144325256,1.3067889213562012,0.056079376488924026,-0.9878601431846619,False
9,5.0,0.4173775613307953,-0.010161788202822208,-0.08938125520944595,1.4865330457687378,-0.09450431168079376,-1.0106174945831299,False
10,5.5,0.42991748452186584,-0.007966787554323673,-0.037779808044433594,1.6898853778839111,-0.2746322453022003,-0.9579686522483826,False
11,6.0,0.3103136718273163,-0.03407090902328491,0.38471516966819763,1.7990752458572388,-0.47442102432250977,-0.9398847818374634,False
12,6.5,0.27196651697158813,-0.06005668267607689,0.35502782464027405,1.9070934057235718,-0.6385441422462463,-0.8474791646003723,False
13,7.0,0.17788636684417725,-0.06706186383962631,0.30498358607292175,2.0101747512817383,-0.7105187773704529,-0.7261034250259399,False
14,7.5,0.1334250122308731,-0.06829720735549927,0.3573804497718811,2.0994083881378174,-0.7206352949142456,-0.7400894165039062,False
15,8.0,0.10355500131845474,-0.06463334709405899,0.4069879949092865,2.2366678714752197,-0.6551933288574219,-0.6098287105560303,False
16,8.5,0.1515321582555771,0.0416065976023674,0.031745944172143936,2.2946460247039795,-0.7235633730888367,-0.22970053553581238,False
17,9.0,0.027023766189813614,0.0472935251891613,-0.04532766714692116,2.367417335510254,-0.7698149085044861,-0.12450159341096878,False
18,9.5,-0.007424456998705864,0.04386632889509201,0.03669159486889839,2.412903308868408,-0.8117774128913879,-0.11005400121212006,False
19,10.0,0.003686766140162945,0.0401332713663578,-0.056283917278051376,2.4514846801757812,-0.8525726199150085,-0.06725969910621643,False
20,10.5,0.013750297017395496,0.033346738666296005,-0.16706421971321106,2.4368863105773926,-0.8211901783943176,-0.014770696870982647,False
21,11.0,0.036276087164878845,0.025907600298523903,-0.22113251686096191,2.465502977371216,-0.735649049282074,0.027817783877253532,False
22,11.5,0.04977916553616524,0.029779087752103806,-0.29980114102363586,2.537043571472168,-0.7000306248664856,0.13346204161643982,False
23,12.0,0.07834375649690628,0.0356806218624115,-0.21918796002864838,2.593057870864868,-0.6356234550476074,0.14400386810302734,False
24,12.5,0.1124371588230133,0.03643006458878517,-0.16907206177711487,2.58970308303833,-0.4805290699005127,0.014045407995581627,False
25,13.0,0.18987342715263367,0.0370635986328125,-0.14069479703903198,2.615793228149414,-0.31579625606536865,0.12043802440166473,False
26,13.5,0.2041347622871399,0.03456758335232735,-0.003179777180776,2.7280726432800293,-0.17176824808120728,0.21316169202327728,False
27,14.0,0.222343310713768,0.03310238569974899,0.05532189458608627,2.8925271034240723,-0.10539226233959198,0.12815584242343903,False
28,14.5,0.20106181502342224,0.05628444626927376,0.11673899739980698,3.038703203201294,-0.1131196990609169,0.35079553723335266,False
29,15.0,0.22785696387290955,0.04855983331799507,0.2821763753890991,3.148848533630371,-0.13174819946289062,0.4651551842689514,False
30,15.5,0.18442271649837494,0.058565784245729446,0.3850313723087311,3.255479335784912,-0.14086386561393738,0.4628544747829437,False
31,16.0,0.17173071205615997,0.046672552824020386,-0.1837046593427658,3.2756996154785156,-0.12126385420560837,0.20497490465641022,False
32,16.5,0.14417439699172974,0.027751360088586807,-0.3921504616737366,3.3533363342285156,-0.10042119026184082,0.2611890137195587,False
33,17.0,0.08161737024784088,-0.004007631912827492,-0.4446295201778412,3.4086833000183105,-0.0578877255320549,0.30300959944725037,False
34,17.5,0.08447587490081787,-0.019548693671822548,-0.46497756242752075,3.463837146759033,0.031125837936997414,0.19854722917079926,False
35,18.0,0.09021220356225967,-0.017120597884058952,-0.49253594875335693,3.614499092102051,0.10761148482561111,0.12450797855854034,False
36,18.5,0.11939249187707901,-0.014424691908061504,-0.4651968777179718,3.7396669387817383,0.1509895771741867,0.08507796376943588,False
37,19.0,0.46470436453819275,-0.024671778082847595,0.16709931194782257,3.8066911697387695,0.10811130702495575,0.010443419218063354,False
38,19.5,0.1256413459777832,-0.03235751762986183,0.11746981739997864,3.956772565841675,0.05027936398983002,0.013231879100203514,False
39,20.0,0.1422341763973236,-0.03168286383152008,0.15903599560260773,4.063490390777588,-0.08723060041666031,0.16950909793376923,False
40,20.5,0.19988085329532623,-0.03763971105217934,0.23492754995822906,4.123848915100098,-0.07198037952184677,0.22093699872493744,False
41,21.0,0.24306674301624298,-0.039770737290382385,0.24630554020404816,4.180353164672852,0.05528721958398819,0.4625426232814789,False
42,21.5,0.2311708629131317,-0.03896145522594452,0.21885953843593597,4.217957496643066,0.23542280495166779,0.7398566007614136,False
43,22.0,0.6298454999923706,-0.053331442177295685,0.3754560649394989,4.258240699768066,0.4311923384666443,1.097630262374878,False
44,22.5,0.9366148710250854,-0.07145935297012329,0.31394878029823303,4.190717697143555,0.8039121627807617,1.5395513772964478,False
45,23.0,0.9061287045478821,-0.08211702108383179,0.5175586938858032,4.156894683837891,0.9959356784820557,2.0120413303375244,False
46,23.5,0.49456459283828735,-0.003416218562051654,-0.5592615008354187,3.7145438194274902,1.1662263870239258,2.8307876586914062,False
47,24.0,0.01863301731646061,-0.012604598887264729,-0.5995610356330872,3.2237579822540283,1.3662062883377075,2.8372902870178223,False
48,24.5,0.03988312929868698,-0.005612655077129602,-0.584735631942749,2.8520169258117676,1.7492704391479492,3.0629353523254395,False
49,25.0,0.15241342782974243,-0.061988282948732376,-0.5986798405647278,-0.002141386503353715,-0.007916301488876343,-0.021832508966326714,True
50,25.5,0.057916272431612015,-0.06171426549553871,-0.5987580418586731,-0.19324751198291779,0.050632815808057785,0.40309852361679077,False
51,26.0,-0.022773895412683487,-0.06539148837327957,-0.6196535229682922,-0.5564298033714294,0.35478007793426514,2.809223175048828,False
52,26.5,-0.007585006300359964,-0.08671670407056808,-0.5733519196510315,-0.012310389429330826,0.025673363357782364,-0.0041270749643445015,True
53,27.0,0.010809650644659996,-0.07854234427213669,-0.5192984342575073,-0.14441579580307007,0.013633477501571178,0.14824146032333374,False
54,27.5,0.1920493096113205,-0.08881906419992447,-0.5864467620849609,-0.45912376046180725,0.34560486674308777,0.4023233652114868,False
55,28.0,0.18552371859550476,-0.08766711503267288,-0.591267466545105,-0.4699487090110779,0.8414599895477295,-0.31102925539016724,False
56,28.5,0.2555927634239197,-0.08193398267030716,-0.6024767160415649,-0.008163115940988064,-0.029646266251802444,-0.08894450217485428,True
57,29.0,-0.09934789687395096,-0.07906791567802429,-0.6374468207359314,-0.3841961622238159,0.06991907954216003,0.38116729259490967,False
58,29.5,-0.09818361699581146,-0.0871562510728836,-0.64151930809021,-0.7270952463150024,0.3792484998703003,0.7831755876541138,False
59,30.0,-0.05065014585852623,-0.0943259671330452,-0.6254992485046387,-0.6397437453269958,0.48564738035202026,0.5580875873565674,False
60,30.5,0.015994101762771606,-0.08841408044099808,-0.6349759697914124,-0.5519090890884399,0.4979855716228485,0.4797621965408325,False
61,31.0,0.11201784014701843,-0.092963807284832,-0.5736424922943115,-0.47397810220718384,0.5150293707847595,0.44506022334098816,False
62,31.5,0.08303659409284592,-0.0943959504365921,-0.37792864441871643,-0.451262891292572,0.5406596064567566,0.39542698860168457,False
63,32.0,0.1673756092786789,-0.09520667046308517,-0.2346576303243637,-0.36984363198280334,0.5197536945343018,0.3617316484451294,False
64,32.5,0.2613832354545593,-0.09724543243646622,-0.24656477570533752,-0.2980155944824219,0.534525454044342,0.3619052469730377,False
65,33.0,0.2153753638267517,-0.09696104377508163,0.14160914719104767,-0.18241065740585327,0.5434998273849487,0.3751607835292816,False
66,33.5,0.6421718597412109,-0.09887585043907166,0.41064608097076416,0.02877298928797245,0.6088486313819885,0.43746867775917053,False
67,34.0,0.23207922279834747,-0.0991428941488266,0.4298390746116638,0.23418362438678741,0.7057847380638123,0.5038154125213623,False
68,34.5,0.16607633233070374,-0.0995267927646637,0.37727686762809753,0.3730250895023346,0.7224113345146179,0.5946115255355835,False
69,35.0,0.2096157670021057,-0.09946069866418839,-0.11285439133644104,0.4652749001979828,0.7620919346809387,0.6013133525848389,False
70,35.5,0.3281620740890503,-0.014136799611151218,-0.23464639484882355,0.5730704665184021,0.8379359245300293,0.5916543006896973,False
71,36.0,0.21019597351551056,-0.030190881341695786,-0.39691004157066345,0.6933596134185791,0.8928080797195435,0.524538516998291,False
72,36.5,0.1606714427471161,-0.04303247109055519,-0.46029365062713623,0.7841296195983887,0.9513832330703735,0.4757252037525177,False
73,37.0,0.11413012444972992,-0.05488347262144089,-0.5029963850975037,0.8780947327613831,0.9727570414543152,0.43200957775115967,False
74,37.5,0.06924762576818466,-0.06126729026436806,-0.5328859686851501,0.9357059597969055,0.983988881111145,0.36414942145347595,False
75,38.0,-0.03134678676724434,-0.06537584960460663,-0.5580410957336426,0.9091112017631531,1.000281572341919,0.28397756814956665,False
76,38.5,0.04984857514500618,-0.07747097313404083,-0.5802505612373352,0.9131267070770264,0.9924986362457275,0.22290316224098206,False
77,39.0,0.04272092878818512,-0.06135498359799385,-0.5992064476013184,0.9306367039680481,1.0037153959274292,0.23062463104724884,False
78,39.5,-0.02632373943924904,-0.06734838336706161,-0.619579017162323,0.9071164727210999,0.9922589063644409,0.2299024760723114,False
79,40.0,-0.008908061310648918,-0.07271463423967361,-0.5708364844322205,0.897227942943573,1.0039622783660889,0.22909164428710938,False
80,40.5,-0.02202731929719448,-0.08860649168491364,-0.5909090042114258,0.8904638886451721,1.0036460161209106,0.2256167232990265,False
81,41.0,-0.05088464915752411,-0.09013934433460236,-0.597747266292572,0.8947744965553284,0.9992679357528687,0.22948136925697327,False
82,41.5,-0.07913210988044739,-0.09546096622943878,-0.6317971348762512,0.892724335193634,0.9935994744300842,0.22696474194526672,False
83,42.0,-0.019149359315633774,-0.09157083928585052,-0.6362083554267883,0.8965784311294556,1.0006428956985474,0.22780272364616394,False
84,42.5,0.15042805671691895,-0.09166423231363297,-0.6285441517829895,0.928132176399231,1.0048625469207764,0.23032735288143158,False
85,43.0,0.29574650526046753,-0.09331417828798294,-0.6301710605621338,0.9906677603721619,1.0023449659347534,0.23601192235946655,False
86,43.5,0.6034671068191528,-0.09344329684972763,-0.624176025390625,1.1567320823669434,0.9779512882232666,0.08730855584144592,False
87,44.0,0.7023817896842957,-0.09289458394050598,-0.6179862022399902,1.3367918729782104,0.9886269569396973,0.010862075723707676,False
88,44.5,0.7724037170410156,-0.09307757019996643,-0.6146504878997803,1.5407646894454956,0.9214321970939636,-0.11480268090963364,False
89,45.0,0.7785094380378723,-0.0937165915966034,-0.6069495677947998,1.7187597751617432,0.8878820538520813,-0.21465495228767395,False
90,45.5,0.7514009475708008,-0.09318272024393082,-0.609525203704834,1.9133585691452026,0.8124324679374695,-0.2936500906944275,False
