command_idx,sample_idx,time_s,cmd_vx,cmd_vy,cmd_wz,actual_vx,actual_vy,actual_wz,err_vx,err_vy,err_wz,start_x,start_y,start_yaw,end_x,end_y,end_yaw,reset,reset_reason,global_command_idx
0,0,0.5,1.0,0.1,0.66,0.31364015408701734,-0.04577846165219011,0.0943267927505076,-0.6863598459129827,-0.1457784616521901,-0.5656732072494924,0.0010071510914713144,-0.00011416047345846891,0.0015373311471194029,0.15786223113536835,-0.022762279957532883,0.0487007275223732,False,,0
0,1,1.0,1.0,0.1,0.66,0.769210379146719,0.12946006250646927,0.23215173184871674,-0.23078962085328103,0.029460062506469264,-0.4278482681512833,0.15786223113536835,-0.022762279957532883,0.0487007275223732,0.5388602614402771,0.06061415374279022,0.16477659344673157,False,,0
0,2,1.5,1.0,0.1,0.66,0.8996125674862305,-0.017110416618734747,0.25496917963027954,-0.10038743251376947,-0.11711041661873475,-0.4050308203697205,0.5388602614402771,0.06061415374279022,0.16477659344673157,0.9839772582054138,0.1259574294090271,0.29226118326187134,False,,0
0,3,2.0,1.0,0.1,0.66,0.9001188046300629,0.07831577849214114,0.13144207000732422,-0.09988119536993711,-0.02168422150785887,-0.5285579299926758,0.9839772582054138,0.1259574294090271,0.29226118326187134,1.4036697149276733,0.2931251525878906,0.35798221826553345,False,,0
0,4,2.5,1.0,0.1,0.66,0.8612176245233891,0.1569772887333935,0.2608833312988281,-0.13878237547661088,0.0569772887333935,-0.3991166687011719,1.4036697149276733,0.2931251525878906,0.35798221826553345,1.7794791460037231,0.5175169706344604,0.4884238839149475,False,,0
0,5,3.0,1.0,0.1,0.66,0.9399806593141227,0.10476505849871875,0.29002952575683594,-0.06001934068587733,0.004765058498718749,-0.3699704742431641,1.7794791460037231,0.5175169706344604,0.4884238839149475,2.169935464859009,0.7843103408813477,0.6334386467933655,False,,0
0,6,3.5,1.0,0.1,0.66,0.9396668003189234,0.12239770443094072,0.2995232343673706,-0.060333199681076644,0.022397704430940718,-0.3604767656326294,2.169935464859009,0.7843103408813477,0.6334386467933655,2.512394905090332,1.1117401123046875,0.7832002639770508,False,,0
0,7,4.0,1.0,0.1,0.66,0.9009932760042603,0.04300866603841008,0.16798639297485352,-0.09900672399573973,-0.056991333961589924,-0.4920136070251465,2.512394905090332,1.1117401123046875,0.7832002639770508,2.8164710998535156,1.444827675819397,0.8671934604644775,False,,0
0,8,4.5,1.0,0.1,0.66,0.9518268830449218,0.08206844441552213,0.24789965152740479,-0.0481731169550782,-0.01793155558447787,-0.41210034847259525,2.8164710998535156,1.444827675819397,0.8671934604644775,3.093083143234253,1.834267258644104,0.9911432862281799,False,,0
0,9,5.0,1.0,0.1,0.66,0.8824679530051904,0.18106757469964813,0.27484452724456787,-0.11753204699480957,0.08106757469964812,-0.38515547275543216,3.093083143234253,1.834267258644104,0.9911432862281799,3.259016513824463,2.2530152797698975,1.1285655498504639,False,,0
1,0,0.5,0.5,0.1,0.66,0.2607025220995458,-0.03533096585008296,0.1375544206239283,-0.2392974779004542,-0.13533096585008297,-0.5224455793760717,0.0010071510914713144,-0.00011416047345846891,0.0015373311471194029,0.1313854157924652,-0.017579229548573494,0.07031454145908356,False,,1
1,1,1.0,0.5,0.1,0.66,0.43981417445286536,0.07702730533027308,0.23003414273262024,-0.06018582554713464,-0.02297269466972693,-0.4299658572673798,0.1313854157924652,-0.017579229548573494,0.07031454145908356,0.3480432629585266,0.03628918156027794,0.18533161282539368,False,,1
1,2,1.5,0.5,0.1,0.66,0.45927002956980933,-0.023216866522285183,0.24680668115615845,-0.040729970430190665,-0.1232168665222852,-0.4131933188438416,0.3480432629585266,0.03628918156027794,0.18533161282539368,0.5758849382400513,0.06719495356082916,0.3087349534034729,False,,1
1,3,2.0,0.5,0.1,0.66,0.47435745236090854,0.046263758140331124,0.25491654872894287,-0.025642547639091462,-0.05373624185966888,-0.40508345127105716,0.5758849382400513,0.06719495356082916,0.3087349534034729,0.7948208451271057,0.16130074858665466,0.43619322776794434,False,,1
1,4,2.5,0.5,0.1,0.66,0.42901071290658443,0.10423666841837687,0.2468017339706421,-0.07098928709341557,0.00423666841837686,-0.41319826602935794,0.7948208451271057,0.16130074858665466,0.43619322776794434,0.967221736907959,0.29916590452194214,0.5595940947532654,False,,1
1,5,3.0,0.5,0.1,0.66,0.48821101945718126,0.05548057241361845,0.29351675510406494,-0.011788980542818739,-0.044519427586381555,-0.3664832448959351,0.967221736907959,0.29916590452194214,0.5595940947532654,1.1593682765960693,0.4522565007209778,0.7063524723052979,False,,1
1,6,3.5,0.5,0.1,0.66,0.4759444586954573,0.04749372470816193,0.22378301620483398,-0.024055541304542682,-0.05250627529183807,-0.43621698379516605,1.1593682765960693,0.4522565007209778,0.7063524723052979,1.3249887228012085,0.6247805953025818,0.8182439804077148,False,,1
1,7,4.0,0.5,0.1,0.66,0.4172462369170278,0.0910585230578018,0.2343815565109253,-0.08275376308297222,-0.008941476942198212,-0.42561844348907474,1.3249887228012085,0.6247805953025818,0.8182439804077148,1.434349536895752,0.8081837892532349,0.9354347586631775,False,,1
1,8,4.5,0.5,0.1,0.66,0.477971698275902,-0.007779983272490798,0.26545488834381104,-0.022028301724097976,-0.1077799832724908,-0.394545111656189,1.434349536895752,0.8081837892532349,0.9354347586631775,1.5793110132217407,0.998224675655365,1.068162202835083,False,,1
1,9,5.0,0.5,0.1,0.66,0.4369714577929006,0.09334812319124196,0.20493316650390625,-0.06302854220709941,-0.006651876808758048,-0.4550668334960938,1.5793110132217407,0.998224675655365,1.068162202835083,1.6436620950698853,1.2121719121932983,1.1706287860870361,False,,1
2,0,0.5,1.0,0.1,0.33,0.30720966481589884,-0.03829865962281223,-0.008411581628024578,-0.6927903351841012,-0.13829865962281224,-0.3384115816280246,0.0010071510914713144,-0.00011416047345846891,0.0015373311471194029,0.15464124083518982,-0.01902732625603676,-0.002668459666892886,False,,2
2,1,1.0,1.0,0.1,0.33,0.7758171273003586,0.14750788082514354,0.12206887593492866,-0.22418287269964143,0.04750788082514354,-0.20793112406507136,0.15464124083518982,-0.01902732625603676,-0.002668459666892886,0.5427452325820923,0.053691234439611435,0.05836597830057144,False,,2
2,2,1.5,1.0,0.1,0.33,0.916110248995055,-0.02402491617618838,0.1105470359325409,-0.083889751004945,-0.12402491617618838,-0.21945296406745912,0.5427452325820923,0.053691234439611435,0.05836597830057144,1.0007210969924927,0.06841889023780823,0.11363949626684189,False,,2
2,3,2.0,1.0,0.1,0.33,0.9292821542443606,0.09123094805766646,0.015542209148406982,-0.07071784575563944,-0.008769051942333544,-0.31445779085159303,1.0007210969924927,0.06841889023780823,0.11363949626684189,1.4571926593780518,0.16642814874649048,0.12141060084104538,False,,2
2,4,2.5,1.0,0.1,0.33,0.8950576014507622,0.14333675047640526,0.16500474512577057,-0.10494239854923781,0.043336750476405256,-0.16499525487422945,1.4571926593780518,0.16642814874649048,0.12141060084104538,1.892747163772583,0.2917703092098236,0.20391297340393066,False,,2
2,5,3.0,1.0,0.1,0.33,0.980860100404782,0.07117819547258902,0.12372922897338867,-0.019139899595218002,-0.028821804527410982,-0.20627077102661134,1.892747163772583,0.2917703092098236,0.20391297340393066,2.365809440612793,0.4259355068206787,0.265777587890625,False,,2
2,6,3.5,1.0,0.1,0.33,0.9643234539889294,0.12642724129219413,0.19235247373580933,-0.03567654601107062,0.02642724129219412,-0.1376475262641907,2.365809440612793,0.4259355068206787,0.265777587890625,2.8144381046295166,0.6135740280151367,0.36195382475852966,False,,2
2,7,4.0,1.0,0.1,0.33,0.903998744301121,0.007724508351570181,0.09634518623352051,-0.09600125569887896,-0.09227549164842982,-0.2336548137664795,2.8144381046295166,0.6135740280151367,0.36195382475852966,3.235783338546753,0.777239978313446,0.4101264178752899,False,,2
2,8,4.5,1.0,0.1,0.33,0.9751305055406712,0.09118788116836929,0.11355209350585938,-0.024869494459328845,-0.008812118831630716,-0.21644790649414064,3.235783338546753,0.777239978313446,0.4101264178752899,3.6647355556488037,1.0134574174880981,0.4669024646282196,False,,2
2,9,5.0,1.0,0.1,0.33,0.9003989153964541,0.15496648485848719,0.20479637384414673,-0.09960108460354589,0.05496648485848718,-0.1252036261558533,3.6647355556488037,1.0134574174880981,0.4669024646282196,4.031871795654297,1.2852922677993774,0.569300651550293,False,,2
3,0,0.5,0.5,0.1,0.33,0.2711054219688937,-0.02726680367226846,0.07923868903890252,-0.2288945780311063,-0.12726680367226847,-0.2507613109610975,0.0010071510914713144,-0.00011416047345846891,0.0015373311471194029,0.1365806609392166,-0.013539156876504421,0.04115667566657066,False,,3
3,1,1.0,0.5,0.1,0.33,0.46991330669853587,0.10578217565828171,0.17419464141130447,-0.03008669330146413,0.005782175658281707,-0.15580535858869554,0.1365806609392166,-0.013539156876504421,0.04115667566657066,0.3691621422767639,0.04897444695234299,0.1282539963722229,False,,3
3,2,1.5,0.5,0.1,0.33,0.48657402560469504,-0.033307246504242854,0.10845518112182617,-0.013425974395304963,-0.13330724650424286,-0.22154481887817384,0.3691621422767639,0.04897444695234299,0.1282539963722229,0.6125810146331787,0.0635746642947197,0.182481586933136,False,,3
3,3,2.0,0.5,0.1,0.33,0.4985707436675428,0.047300600440274426,0.1100587248802185,-0.0014292563324572183,-0.05269939955972558,-0.2199412751197815,0.6125810146331787,0.0635746642947197,0.182481586933136,0.8534355163574219,0.13207022845745087,0.23751094937324524,False,,3
3,4,2.5,0.5,0.1,0.33,0.4685750165382496,0.09400804470502064,0.1249653697013855,-0.03142498346175038,-0.0059919552949793675,-0.20503463029861452,0.8534355163574219,0.13207022845745087,0.23751094937324524,1.0700864791870117,0.23287883400917053,0.299993634223938,False,,3
3,5,3.0,0.5,0.1,0.33,0.513944361823785,0.05296152772377069,0.1460099220275879,0.013944361823785001,-0.047038472276229315,-0.18399007797241212,1.0700864791870117,0.23287883400917053,0.299993634223938,1.3077564239501953,0.3341158330440521,0.37299859523773193,False,,3
3,6,3.5,0.5,0.1,0.33,0.5022535056131033,0.050325891651999105,0.11551094055175781,0.002253505613103335,-0.0496741083480009,-0.2144890594482422,1.3077564239501953,0.3341158330440521,0.37299859523773193,1.5324457883834839,0.4490615129470825,0.43075406551361084,False,,3
3,7,4.0,0.5,0.1,0.33,0.467690393068797,0.08889934401072166,0.13274157047271729,-0.032309606931202994,-0.01110065598927834,-0.19725842952728273,1.5324457883834839,0.4490615129470825,0.43075406551361084,1.7263692617416382,0.587094247341156,0.4971248507499695,False,,3
3,8,4.5,0.5,0.1,0.33,0.4964608508477013,0.00438726438194445,0.14947664737701416,-0.003539149152298693,-0.09561273561805556,-0.18052335262298586,1.7263692617416382,0.587094247341156,0.4971248507499695,1.9435070753097534,0.7074035406112671,0.5718631744384766,False,,3
3,9,5.0,0.5,0.1,0.33,0.49098335833205986,0.08444406757804426,0.0936657190322876,-0.00901664166794014,-0.015555932421955743,-0.23633428096771242,1.9435070753097534,0.7074035406112671,0.5718631744384766,2.127089023590088,0.8757678270339966,0.6186960339546204,False,,3
4,0,0.5,1.0,0.1,0.0,0.30148471845527713,-0.03153489708102863,-0.09154498716816306,-0.6985152815447229,-0.13153489708102864,-0.09154498716816306,0.0010071510914713144,-0.00011416047345846891,0.0015373311471194029,0.1517735719680786,-0.01564984954893589,-0.04423516243696213,False,,4
4,1,1.0,1.0,0.1,0.0,0.7788415804424658,0.1553182063629004,0.013394959270954132,-0.22115841955753424,0.055318206362900385,0.013394959270954132,0.1517735719680786,-0.01564984954893589,-0.04423516243696213,0.544247567653656,0.04471281170845032,-0.03753768280148506,False,,4
4,2,1.5,1.0,0.1,0.0,0.9194384021060759,-0.02293410894674066,0.026913870126008987,-0.08056159789392414,-0.12293410894674067,0.026913870126008987,0.544247567653656,0.04471281170845032,-0.03753768280148506,1.003212571144104,0.01600109413266182,-0.024080747738480568,False,,4
4,3,2.0,1.0,0.1,0.0,0.9548300162529755,0.08057806878251375,-0.10804059728980064,-0.04516998374702452,-0.019421931217486255,-0.10804059728980064,1.003212571144104,0.01600109413266182,-0.024080747738480568,1.4814592599868774,0.04478304833173752,-0.07810104638338089,False,,4
4,4,2.5,1.0,0.1,0.0,0.9423598782814231,0.1216632253689734,0.03975818306207657,-0.05764012171857691,0.021663225368973388,0.03975818306207657,1.4814592599868774,0.04478304833173752,-0.07810104638338089,1.955949068069458,0.0686669796705246,-0.058221954852342606,False,,4
4,5,3.0,1.0,0.1,0.0,1.0079548933846227,0.04241617361200031,0.009635776281356812,0.007954893384622741,-0.05758382638799969,0.009635776281356812,1.955949068069458,0.0686669796705246,-0.058221954852342606,2.4603066444396973,0.06051315367221832,-0.0534040667116642,False,,4
4,6,3.5,1.0,0.1,0.0,0.9848775181660168,0.0934558776837549,0.05671647563576698,-0.015122481833983237,-0.006544122316245099,0.05671647563576698,2.4603066444396973,0.06051315367221832,-0.0534040667116642,2.9545376300811768,0.08088874071836472,-0.02504582889378071,False,,4
4,7,4.0,1.0,0.1,0.0,0.9434474350103268,0.012526014350579389,-0.03254226967692375,-0.056552564989673204,-0.08747398564942062,-0.03254226967692375,2.9545376300811768,0.08088874071836472,-0.02504582889378071,3.4262702465057373,0.07533630728721619,-0.041316963732242584,False,,4
4,8,4.5,1.0,0.1,0.0,0.9947116382055058,0.06419512980535506,0.007907181978225708,-0.005288361794494212,-0.03580487019464494,0.007907181978225708,3.4262702465057373,0.07533630728721619,-0.041316963732242584,3.924527406692505,0.08686309307813644,-0.03736337274312973,False,,4
4,9,5.0,1.0,0.1,0.0,0.9316708085934707,0.13992305213994222,0.05233115702867508,-0.06832919140652927,0.03992305213994221,0.05233115702867508,3.924527406692505,0.08686309307813644,-0.03736337274312973,4.392651081085205,0.13937465846538544,-0.01119779422879219,False,,4
5,0,0.5,0.5,0.1,0.0,0.27734541547814756,-0.021602469175646507,0.002817717380821705,-0.22265458452185244,-0.12160246917564652,0.002817717380821705,0.0010071510914713144,-0.00011416047345846891,0.0015373311471194029,0.13969630002975464,-0.010702196508646011,0.0029461898375302553,False,,5
5,1,1.0,0.5,0.1,0.0,0.49167775536811026,0.1211460625327388,0.07941409340128303,-0.008322244631889741,0.02114606253273879,0.07941409340128303,0.13969630002975464,-0.010702196508646011,0.0029461898375302553,0.3853556513786316,0.05059485882520676,0.04265323653817177,False,,5
5,2,1.5,0.5,0.1,0.0,0.5175868423292812,-0.03623170618690244,-0.019784212112426758,0.017586842329281205,-0.13623170618690245,-0.019784212112426758,0.3853556513786316,0.05059485882520676,0.04265323653817177,0.6446861624717712,0.04353051260113716,0.03276113048195839,False,,5
5,3,2.0,0.5,0.1,0.0,0.5206371614324563,0.08675769303969832,-0.059051398653537035,0.020637161432456308,-0.01324230696030168,-0.059051398653537035,0.6446861624717712,0.04353051260113716,0.03276113048195839,0.9034441709518433,0.09541288763284683,0.003235431155189872,False,,5
5,4,2.5,0.5,0.1,0.0,0.5071059641813838,0.07409100638883316,0.014462024439126253,0.0071059641813837615,-0.025908993611166845,0.014462024439126253,0.9034441709518433,0.09541288763284683,0.003235431155189872,1.1568759679794312,0.13327854871749878,0.010466443374752998,False,,5
5,5,3.0,0.5,0.1,0.0,0.5293460368351899,0.0422471183421695,0.011462483555078506,0.02934603683518988,-0.057752881657830504,0.011462483555078506,1.1568759679794312,0.13327854871749878,0.010466443374752998,1.4213134050369263,0.1571710854768753,0.01619768515229225,False,,5
5,6,3.5,0.5,0.1,0.0,0.5129825205282798,0.05607402009151666,0.004575934261083603,0.01298252052827975,-0.04392597990848335,0.004575934261083603,1.4213134050369263,0.1571710854768753,0.01619768515229225,1.6773169040679932,0.18935880064964294,0.018485652282834053,False,,5
5,7,4.0,0.5,0.1,0.0,0.5000085091085801,0.07878721613183448,0.005653157830238342,8.50910858007925e-06,-0.021212783868165525,0.005653157830238342,1.6773169040679932,0.18935880064964294,0.018485652282834053,1.926550269126892,0.23336690664291382,0.021312231197953224,False,,5
5,8,4.5,0.5,0.1,0.0,0.5257705149286107,0.008565032984730355,0.02122759446501732,0.02577051492861071,-0.09143496701526965,0.02122759446501732,1.926550269126892,0.23336690664291382,0.021312231197953224,2.189284563064575,0.24325069785118103,0.031926028430461884,False,,5
5,9,5.0,0.5,0.1,0.0,0.5204785171626276,0.09132231937730936,-0.024084195494651794,0.020478517162627607,-0.008677680622690642,-0.024084195494651794,2.189284563064575,0.24325069785118103,0.031926028430461884,2.4479336738586426,0.29719558358192444,0.019883930683135986,False,,5
6,0,0.5,1.0,0.0,0.66,0.314610073859184,-0.07206422398740228,0.06762204924598336,-0.6853899261408161,-0.07206422398740228,-0.5923779507540167,0.0010071510914713144,-0.00011416047345846891,0.0015373311471194029,0.15836739540100098,-0.035904400050640106,0.035348355770111084,False,,6
6,1,1.0,1.0,0.0,0.66,0.7814778610024175,0.08383640242764931,0.2469845414161682,-0.21852213899758255,0.08383640242764931,-0.4130154585838318,0.15836739540100098,-0.035904400050640106,0.035348355770111084,0.547380805015564,0.019796717911958694,0.1588406264781952,False,,6
6,2,1.5,1.0,0.0,0.66,0.9097279594207688,-0.07563394024099164,0.29089194536209106,-0.09027204057923122,-0.07563394024099164,-0.36910805463790897,0.547380805015564,0.019796717911958694,0.1588406264781952,1.002500295639038,0.05440325662493706,0.3042865991592407,False,,6
6,3,2.0,1.0,0.0,0.66,0.909415164787275,0.014723381488069898,0.11243480443954468,-0.09058483521272498,0.014723381488069898,-0.5475651955604554,1.002500295639038,0.05440325662493706,0.3042865991592407,1.4341133832931519,0.19766288995742798,0.36050400137901306,False,,6
6,4,2.5,1.0,0.0,0.66,0.8527214690605318,0.10916754259480166,0.2988991141319275,-0.1472785309394682,0.10916754259480166,-0.36110088586807254,1.4341133832931519,0.19766288995742798,0.36050400137901306,1.8138130903244019,0.39913496375083923,0.5099535584449768,False,,6
6,5,3.0,1.0,0.0,0.66,0.9546485213710085,0.04649127054235369,0.31556427478790283,-0.04535147862899147,0.04649127054235369,-0.3444357252120972,1.8138130903244019,0.39913496375083923,0.5099535584449768,2.2190589904785156,0.6524224877357483,0.6677356958389282,False,,6
6,6,3.5,1.0,0.0,0.66,0.9474667379154806,0.0645393253098166,0.3174632787704468,-0.05253326208451936,0.0645393253098166,-0.34253672122955325,2.2190589904785156,0.6524224877357483,0.6677356958389282,2.5710649490356445,0.971101701259613,0.8264673352241516,False,,6
6,7,4.0,1.0,0.0,0.66,0.8883900356673303,-0.03868637908790601,0.180633544921875,-0.11160996433266968,-0.03868637908790601,-0.47936645507812503,2.5710649490356445,0.971101701259613,0.8264673352241516,2.8862252235412598,1.2847214937210083,0.9167841076850891,False,,6
6,8,4.5,1.0,0.0,0.66,0.95346196410489,0.036120003284642765,0.2847987413406372,-0.046538035895109964,0.036120003284642765,-0.3752012586593628,2.8862252235412598,1.2847214937210083,0.9167841076850891,3.161923408508301,1.6740659475326538,1.0591834783554077,False,,6
6,9,5.0,1.0,0.0,0.66,0.8929099931611936,0.10148269648006597,0.29442501068115234,-0.10709000683880643,0.10148269648006597,-0.3655749893188477,3.161923408508301,1.6740659475326538,1.0591834783554077,3.336256504058838,2.0881972312927246,1.2063959836959839,False,,6
7,0,0.5,1.0,0.0,0.33,0.3048373243280046,-0.05269149214874123,0.02462516399100423,-0.6951626756719954,-0.05269149214874123,-0.3053748360089958,0.0010071510914713144,-0.00011416047345846891,0.0015373311471194029,0.153466135263443,-0.026225557550787926,0.013849913142621517,False,,7
7,1,1.0,1.0,0.0,0.33,0.7736430030339962,0.10774830358922123,0.12415716238319874,-0.22635699696600375,0.10774830358922123,-0.20584283761680128,0.153466135263443,-0.026225557550787926,0.013849913142621517,0.5395044088363647,0.033000700175762177,0.07592849433422089,False,,7
7,2,1.5,1.0,0.0,0.33,0.9200692853716326,-0.08492972071178931,0.12620431184768677,-0.07993071462836743,-0.08492972071178931,-0.20379568815231325,0.5395044088363647,0.033000700175762177,0.07592849433422089,1.0014348030090332,0.025554373860359192,0.13903065025806427,False,,7
7,3,2.0,1.0,0.0,0.33,0.9391767217492939,0.02200325341136944,0.010227799415588379,-0.0608232782507061,0.02200325341136944,-0.31977220058441164,1.0014348030090332,0.025554373860359192,0.13903065025806427,1.4649673700332642,0.1015268936753273,0.14414454996585846,False,,7
7,4,2.5,1.0,0.0,0.33,0.9143507239756006,0.06569356182879621,0.19435223937034607,-0.08564927602439942,0.06569356182879621,-0.13564776062965395,1.4649673700332642,0.1015268936753273,0.14414454996585846,1.912683129310608,0.1997043937444687,0.2413206696510315,False,,7
7,5,3.0,1.0,0.0,0.33,0.9957354788935203,-0.003941533803092229,0.12704038619995117,-0.0042645211064796795,-0.003941533803092229,-0.20295961380004884,1.912683129310608,0.1997043937444687,0.2413206696510315,2.3965952396392822,0.31677377223968506,0.3048408627510071,False,,7
7,6,3.5,1.0,0.0,0.33,0.9800746980613522,0.05925473305799883,0.21312403678894043,-0.019925301938647833,0.05925473305799883,-0.11687596321105959,2.3965952396392822,0.31677377223968506,0.3048408627510071,2.855146884918213,0.49211564660072327,0.4114028811454773,False,,7
7,7,4.0,1.0,0.0,0.33,0.912772260254058,-0.060583855663719155,0.08224636316299438,-0.087227739745942,-0.060583855663719155,-0.24775363683700563,2.855146884918213,0.49211564660072327,0.4114028811454773,3.2855660915374756,0.6468580365180969,0.4525260627269745,False,,7
7,8,4.5,1.0,0.0,0.33,0.9770452750050482,0.031537048817301905,0.10586279630661011,-0.02295472499495177,0.031537048817301905,-0.2241372036933899,3.2855660915374756,0.6468580365180969,0.4525260627269745,3.718022108078003,0.8746404051780701,0.5054574608802795,False,,7
7,9,5.0,1.0,0.0,0.33,0.9171502923946862,0.09041526785986898,0.20115017890930176,-0.08284970760531385,0.09041526785986898,-0.12884982109069826,3.718022108078003,0.8746404051780701,0.5054574608802795,4.0973639488220215,1.1362406015396118,0.6060325503349304,False,,7
